{
  "unitData": {
    "length": {
      "units": ["meter", "kilometer", "centimeter", "millimeter", "mile", "yard", "foot", "inch"],
      "conversions": {
        "meter": {
          "meter": 1,
          "kilometer": 0.001,
          "centimeter": 100,
          "millimeter": 1000,
          "mile": 0.000621371,
          "yard": 1.09361,
          "foot": 3.28084,
          "inch": 39.3701
        },
        "kilometer": {
          "meter": 1000,
          "kilometer": 1,
          "centimeter": 100000,
          "millimeter": 1000000,
          "mile": 0.621371,
          "yard": 1093.61,
          "foot": 3280.84,
          "inch": 39370.1
        },
        "centimeter": {
          "meter": 0.01,
          "kilometer": 0.00001,
          "centimeter": 1,
          "millimeter": 10,
          "mile": 0.00000621371,
          "yard": 0.0109361,
          "foot": 0.0328084,
          "inch": 0.393701
        },
        "millimeter": {
          "meter": 0.001,
          "kilometer": 0.000001,
          "centimeter": 0.1,
          "millimeter": 1,
          "mile": 0.000000621371,
          "yard": 0.00109361,
          "foot": 0.00328084,
          "inch": 0.0393701
        },
        "mile": {
          "meter": 1609.34,
          "kilometer": 1.60934,
          "centimeter": 160934,
          "millimeter": 1609340,
          "mile": 1,
          "yard": 1760,
          "foot": 5280,
          "inch": 63360
        },
        "yard": {
          "meter": 0.9144,
          "kilometer": 0.0009144,
          "centimeter": 91.44,
          "millimeter": 914.4,
          "mile": 0.000568182,
          "yard": 1,
          "foot": 3,
          "inch": 36
        },
        "foot": {
          "meter": 0.3048,
          "kilometer": 0.0003048,
          "centimeter": 30.48,
          "millimeter": 304.8,
          "mile": 0.000189394,
          "yard": 0.333333,
          "foot": 1,
          "inch": 12
        },
        "inch": {
          "meter": 0.0254,
          "kilometer": 0.0000254,
          "centimeter": 2.54,
          "millimeter": 25.4,
          "mile": 0.0000157828,
          "yard": 0.0277778,
          "foot": 0.0833333,
          "inch": 1
        }
      }
    },
    "weight": {
      "units": ["kilogram", "gram", "milligram", "metric ton", "pound", "ounce", "stone"],
      "conversions": {
        "kilogram": {
          "kilogram": 1,
          "gram": 1000,
          "milligram": 1000000,
          "metric ton": 0.001,
          "pound": 2.20462,
          "ounce": 35.274,
          "stone": 0.157473
        },
        "gram": {
          "kilogram": 0.001,
          "gram": 1,
          "milligram": 1000,
          "metric ton": 0.000001,
          "pound": 0.00220462,
          "ounce": 0.035274,
          "stone": 0.000157473
        },
        "milligram": {
          "kilogram": 0.000001,
          "gram": 0.001,
          "milligram": 1,
          "metric ton": 0.000000001,
          "pound": 0.00000220462,
          "ounce": 0.000035274,
          "stone": 0.000000157473
        },
        "metric ton": {
          "kilogram": 1000,
          "gram": 1000000,
          "milligram": 1000000000,
          "metric ton": 1,
          "pound": 2204.62,
          "ounce": 35274,
          "stone": 157.473
        },
        "pound": {
          "kilogram": 0.453592,
          "gram": 453.592,
          "milligram": 453592,
          "metric ton": 0.000453592,
          "pound": 1,
          "ounce": 16,
          "stone": 0.0714286
        },
        "ounce": {
          "kilogram": 0.0283495,
          "gram": 28.3495,
          "milligram": 28349.5,
          "metric ton": 0.0000283495,
          "pound": 0.0625,
          "ounce": 1,
          "stone": 0.00446429
        },
        "stone": {
          "kilogram": 6.35029,
          "gram": 6350.29,
          "milligram": 6350290,
          "metric ton": 0.00635029,
          "pound": 14,
          "ounce": 224,
          "stone": 1
        }
      }
    },
    "temperature": {
      "units": ["celsius", "fahrenheit", "kelvin"],
      "formulas": {
        "celsius": {
          "celsius": "x",
          "fahrenheit": "(x * 9/5) + 32",
          "kelvin": "x + 273.15"
        },
        "fahrenheit": {
          "celsius": "(x - 32) * 5/9",
          "fahrenheit": "x",
          "kelvin": "(x - 32) * 5/9 + 273.15"
        },
        "kelvin": {
          "celsius": "x - 273.15",
          "fahrenheit": "(x - 273.15) * 9/5 + 32",
          "kelvin": "x"
        }
      }
    },
    "area": {
      "units": ["square meter", "square kilometer", "square centimeter", "square millimeter", "square mile", "square yard", "square foot", "square inch", "acre", "hectare"],
      "conversions": {
        "square meter": {
          "square meter": 1,
          "square kilometer": 0.000001,
          "square centimeter": 10000,
          "square millimeter": 1000000,
          "square mile": 3.861e-7,
          "square yard": 1.19599,
          "square foot": 10.7639,
          "square inch": 1550,
          "acre": 0.000247105,
          "hectare": 0.0001
        },
        "square kilometer": {
          "square meter": 1000000,
          "square kilometer": 1,
          "square centimeter": 10000000000,
          "square millimeter": 1000000000000,
          "square mile": 0.386102,
          "square yard": 1195990,
          "square foot": 10763900,
          "square inch": 1550000000,
          "acre": 247.105,
          "hectare": 100
        },
        "square centimeter": {
          "square meter": 0.0001,
          "square kilometer": 1e-10,
          "square centimeter": 1,
          "square millimeter": 100,
          "square mile": 3.861e-11,
          "square yard": 0.000119599,
          "square foot": 0.00107639,
          "square inch": 0.155,
          "acre": 2.47105e-8,
          "hectare": 1e-8
        },
        "square millimeter": {
          "square meter": 0.000001,
          "square kilometer": 1e-12,
          "square centimeter": 0.01,
          "square millimeter": 1,
          "square mile": 3.861e-13,
          "square yard": 1.19599e-6,
          "square foot": 1.07639e-5,
          "square inch": 0.00155,
          "acre": 2.47105e-10,
          "hectare": 1e-10
        },
        "square mile": {
          "square meter": 2589990,
          "square kilometer": 2.58999,
          "square centimeter": 25899900000,
          "square millimeter": 2589990000000,
          "square mile": 1,
          "square yard": 3097600,
          "square foot": 27878400,
          "square inch": 4014490000,
          "acre": 640,
          "hectare": 258.999
        },
        "square yard": {
          "square meter": 0.836127,
          "square kilometer": 8.36127e-7,
          "square centimeter": 8361.27,
          "square millimeter": 836127,
          "square mile": 3.22831e-7,
          "square yard": 1,
          "square foot": 9,
          "square inch": 1296,
          "acre": 0.000206612,
          "hectare": 8.36127e-5
        },
        "square foot": {
          "square meter": 0.092903,
          "square kilometer": 9.2903e-8,
          "square centimeter": 929.03,
          "square millimeter": 92903,
          "square mile": 3.58701e-8,
          "square yard": 0.111111,
          "square foot": 1,
          "square inch": 144,
          "acre": 2.29568e-5,
          "hectare": 9.2903e-6
        },
        "square inch": {
          "square meter": 0.00064516,
          "square kilometer": 6.4516e-10,
          "square centimeter": 6.4516,
          "square millimeter": 645.16,
          "square mile": 2.49098e-10,
          "square yard": 0.000771605,
          "square foot": 0.00694444,
          "square inch": 1,
          "acre": 1.59423e-7,
          "hectare": 6.4516e-8
        },
        "acre": {
          "square meter": 4046.86,
          "square kilometer": 0.00404686,
          "square centimeter": 40468600,